{
  "mod配置": {
    "mod名称": {
      "必要": true, "原名": "name",
      "数据类型": "字符串",
      "描述": "设置mod在内部的代号, 推荐使用英文.",
      "示例": "my-mod"
    },
    "最低支持版本": {
      "必要": true, "原名": "minGameVersion",
      "数据类型": "字符串",
      "描述": "mod最低支持的版本.",
      "示例": "146"
    },
    "作者名": {
      "必要": true, "原名": "author",
      "数据类型": "字符串",
      "描述": "mod的作者, 应该是你吧?.",
      "示例": "我"
    },

    "显示名称": {
      "必要": false, "原名": "displayName",
      "数据类型": "字符串",
      "描述": "mod显示给玩家的名称, 可输入中文及大小写英文.",
      "示例": "我的Mod"
    },
    "mod描述": {
      "必要": false, "原名": "description",
      "数据类型": "字符串",
      "描述": "mod显示给玩家的描述, 可输入中文及大小写英文.",
      "示例": "这是一个屑mod,十分的屑."
    },
    "mod版本": {
      "必要": false, "原名": "version",
      "数据类型": "字符串",
      "描述": "mod显示给玩家的版本, 可输入中文及大小写英文.",
      "示例": "测试版本-v1"
    }

  }

}